id	num_contigs	size	gc	md5	rep_type(s)	rep_type_accession(s)	relaxase_type(s)	relaxase_type_accession(s)	mpf_type	mpf_type_accession(s)	orit_type(s)	orit_accession(s)	predicted_mobility	mash_nearest_neighbor	mash_neighbor_distance	mash_neighbor_identification	primary_cluster_id	secondary_cluster_id	predicted_host_range_overall_rank	predicted_host_range_overall_name	observed_host_range_ncbi_rank	observed_host_range_ncbi_name	reported_host_range_lit_rank	reported_host_range_lit_name	associated_pmid(s)
barcode10_2038528-1:AC024	1	45922	42.8030138060189	08dbeac80faf3fbae10c68e0eb30b05f	IncX1	000218__CP001123	MOBP,MOBP,MOBP	CP023903_00055,CP022502_00062,CP031283_00205	-	-	MOBP	KM107848	mobilizable	CP001123	0.000215742	Salmonella enterica subsp. enterica serovar Kentucky str. CVM29188	AC024	AL039	order	Enterobacterales	order	Enterobacterales	family	Enterobacteriaceae	21625636; 22470007
barcode10_2038528-1:AA176	1	146787	49.40696383194697	d91a202b64d341bf21842f2e94ea162e	IncFIB,rep_cluster_2244	000095__NZ_CP014273_00094,CP033091_00053	MOBF,MOBF	MG904998_00124,NC_017627_00068	MPF_F	NC_014615_00033,NC_010488_00021,NC_018966_00040,NC_017639_00100,NC_007675_00027,NC_017639_00094,NC_019094_00090,NC_010409_00124,NC_022651_00077,NC_009837_00049,NC_013437_00116,08-5333_00200	MOBF	KP987215	conjugative	CP001122	0.000409992	Salmonella enterica subsp. enterica serovar Kentucky str. CVM29188	AA176	AH856	family	Enterobacteriaceae	family	Enterobacteriaceae	-	-	-
barcode9_2038054-2:AA162	1	4607	50.35815064032993	1afa23e36e5b97434dfe4372132527bf	rep_cluster_2350	CP035723_00002	MOBP	NC_014003_00004	-	-	MOBP	NZ_CP011065	mobilizable	CP016040	0.000532603	Escherichia coli	AA162	AH810	multi-phylla	Bacteroidetes,Actinobacteria,Proteobacteria,Firmicutes	multi-phylla	Bacteroidetes,Actinobacteria,Proteobacteria,Firmicutes	genus	Escherichia	6263753; 17122402; 26802429
barcode9_2038054-2:AA668	1	3601	43.26575951124688	e798a0848e34894faacbaf47e538a774	rep_cluster_2350	CP041342_00001	MOBF	CP019897	-	-	MOB_unknown	NZ_CP011138	mobilizable	CP040563	0.000805673	Salmonella enterica subsp. enterica serovar Typhimurium	AA668	AI943	multi-phylla	Bacteroidetes,Actinobacteria,Proteobacteria,Firmicutes	multi-phylla	Bacteroidetes,Actinobacteria,Proteobacteria,Firmicutes	genus	Escherichia	6263753; 17122402; 26802429
