Bin Id	Marker lineage	# genomes	# markers	# marker sets	0	1	2	3	4	5+	Completeness	Contamination	Strain heterogeneity
barcode10_2038528-1	Salmonella (5)	21	1529	266	37	1482	9	1	0	0	97.93	0.60	0.00
barcode11_2037403-1	Salmonella (5)	21	1529	266	59	1461	9	0	0	0	95.65	1.08	0.00
barcode12_2038061-1	Salmonella (5)	21	1529	266	77	1446	6	0	0	0	94.96	0.28	0.00
barcode7_2037399-4	Salmonella (5)	21	1529	266	35	1488	6	0	0	0	97.66	0.70	0.00
barcode8_2038546-2	Salmonella (5)	21	1529	266	74	1447	8	0	0	0	93.92	0.58	0.00
barcode9_2038054-2	Salmonella (5)	21	1529	266	90	1432	7	0	0	0	92.51	0.52	0.00
