cgmlst_ST,cgmlst_distance,cgmlst_found_loci,cgmlst_matching_alleles,cgmlst_subspecies,fasta_filepath,genome,h1,h2,o_antigen,qc_messages,qc_status,serogroup,serovar,serovar_antigen,serovar_cgmlst
740109294,0.14848484848484844,330,281,enterica,/home/pds_wimmer/tmp/samnsero_test/work/d5/682b4e226685565c49d97727820184/barcode10_2038528-1.fasta,barcode10_2038528-1,i,-,"1,4,[5],12",INFO: Number of cgMLST330 loci found (n=330) | WARNING: Only matched 281 cgMLST330 loci. Min threshold for confident serovar prediction from cgMLST is 297.0,WARNING,B,"I 1,4,[5],12:i:-","I 1,4,[5],12:i:-",Kentucky
1819984043,0.2787878787878788,330,238,enterica,/home/pds_wimmer/tmp/samnsero_test/work/6e/a5b15124d81c9142699d94b089c2a6/barcode11_2037403-1.fasta,barcode11_2037403-1,"e,h",-,-,INFO: Number of cgMLST330 loci found (n=330) | WARNING: Only matched 238 cgMLST330 loci. Min threshold for confident serovar prediction from cgMLST is 297.0,WARNING,C1,"I C1:e,h:-","I C1:e,h:-",Braenderup
1261101521,0.30606060606060603,330,229,enterica,/home/pds_wimmer/tmp/samnsero_test/work/c4/047ea031550a444dfaa1a7afecd09a/barcode12_2038061-1.fasta,barcode12_2038061-1,"g,m,[p],s","1,2","1,4,[5],12",INFO: Number of cgMLST330 loci found (n=330) | WARNING: Only matched 229 cgMLST330 loci. Min threshold for confident serovar prediction from cgMLST is 297.0,WARNING,B,Hato,Hato,Montevideo
81378703,0.18787878787878787,330,268,enterica,/home/pds_wimmer/tmp/samnsero_test/work/88/90f73b6a79f14aae5a4cc31bb23bd9/barcode7_2037399-4.fasta,barcode7_2037399-4,-,"1,5",-,INFO: Number of cgMLST330 loci found (n=330) | WARNING: H1 antigen gene (fliC) missing. Cannot determine H1 antigen. Cannot accurately predict serovar from antigen genes. | WARNING: Only matched 268 cgMLST330 loci. Min threshold for confident serovar prediction from cgMLST is 297.0,WARNING,C1,Sanjuan|Brazzaville|Edinburg|Hissar|Choleraesuis|Paratyphi C|Typhisuis|Kisii|Kambole|Isangi|Larochelle|Lomita|Eingedi|Montevideo|Alamo|Augustenborg|Oritamerin|Galiema|Thompson|Concord|Irumu|Gabon|Colorado|Nessziona|Virchow|Infantis|Richmond|Bareilly|Chile|Poitiers|Menden|Inganda|Tennessee|Rumford|Obogu|Gallen|Marseille|Atento|Leeuwarden|Chiredzi|Ati|Gustavia|Chingola|Abuja|Aberdeen|Brijbhumi|Pretoria|Abaetetuba|Stendal|Maracaibo|Glidji|Tours|Connecticut|Senegal|Solt|Crewe|Wentworth|Straengnaes|Maastricht,Sanjuan|Brazzaville|Edinburg|Hissar|Choleraesuis|Paratyphi C|Typhisuis|Kisii|Kambole|Isangi|Larochelle|Lomita|Eingedi|Montevideo|Alamo|Augustenborg|Oritamerin|Galiema|Thompson|Concord|Irumu|Gabon|Colorado|Nessziona|Virchow|Infantis|Richmond|Bareilly|Chile|Poitiers|Menden|Inganda|Tennessee|Rumford|Obogu|Gallen|Marseille|Atento|Leeuwarden|Chiredzi|Ati|Gustavia|Chingola|Abuja|Aberdeen|Brijbhumi|Pretoria|Abaetetuba|Stendal|Maracaibo|Glidji|Tours|Connecticut|Senegal|Solt|Crewe|Wentworth|Straengnaes|Maastricht,Agona
678328158,0.3787878787878788,330,205,enterica,/home/pds_wimmer/tmp/samnsero_test/work/0a/14f94c4331ed9e5da9be0959203e9e/barcode8_2038546-2.fasta,barcode8_2038546-2,r,"1,5","6,7,14",INFO: Number of cgMLST330 loci found (n=330) | WARNING: Only matched 205 cgMLST330 loci. Min threshold for confident serovar prediction from cgMLST is 297.0,WARNING,C1,Infantis,Virchow|Infantis|Senegal,Infantis
3017822284,0.24545454545454548,330,249,enterica,/home/pds_wimmer/tmp/samnsero_test/work/8a/939266042d4cf7b47ff03f589f6cca/barcode9_2038054-2.fasta,barcode9_2038054-2,i,"1,2",-,INFO: Number of cgMLST330 loci found (n=330) | WARNING: Only matched 249 cgMLST330 loci. Min threshold for confident serovar prediction from cgMLST is 297.0,WARNING,C2-C3,Lindenburg|Bargny|Takoradi,Lindenburg|Bargny|Takoradi,Typhimurium
